{
    "build": {
        "preview": {
            "android": {
                "buildType": "apk"
            }
        },
        "preview2": {
            "android": {
                "gradleCommand": ":app:assembleRelease"
            }
        },
        "preview3": {
            "developmentClient": true
        },
        "production-apk": {
            "releaseChannel": "production",
            "android": {
                "buildType": "apk"
            }
        },
        "development": {
            "developmentClient": true,
            "distribution": "internal",
            "android": {
                "buildType": "apk"
            }
        }
    }
}